City_ID,City,Country,Lat,Lng,Max Temp,Humidity,Cloudiness,Wind Speed,Current Description
0,Abaza,RU,52.66,90.09,33.71,67,0,3.36,clear sky
1,Doka,SD,13.52,35.77,85.24,52,4,8.3,clear sky
2,Verkhnetulomskiy,RU,68.61,31.8,28.4,92,0,3.62,clear sky
3,Barrow,US,71.29,-156.79,28.4,79,90,11.41,overcast clouds
4,Katsuura,JP,35.13,140.3,72,34,20,11.41,few clouds
5,Gayeri,BF,12.65,0.49,80.06,23,65,6.67,broken clouds
6,Ahipara,NZ,-35.17,173.17,61.14,85,2,6.93,clear sky
7,San Policarpo,PH,12.18,125.51,77.23,92,100,27.72,moderate rain
8,Busselton,AU,-33.65,115.33,84.99,27,80,8.01,broken clouds
9,Ushuaia,AR,-54.8,-68.3,42.8,70,40,3.36,scattered clouds
10,New Norfolk,AU,-42.78,147.06,54,50,0,1.01,clear sky
11,Tasiilaq,GL,65.61,-37.64,33.8,74,84,5.82,broken clouds
12,Bardiyah,LY,31.76,25.09,71.6,76,0,15.1,clear sky
13,Dikson,RU,73.51,80.55,17.13,94,90,8.79,overcast clouds
14,Fairbanks,US,64.84,-147.72,28,85,90,2.75,overcast clouds
15,Rikitea,PF,-23.12,-134.97,74.44,83,100,17.11,moderate rain
16,Joutseno,FI,61.12,28.51,33.01,92,73,1.12,mist
17,Pangoa,PE,-12.12,-73,71.6,77,65,2.75,broken clouds
18,Saint-Francois,FR,46.42,3.91,41,100,0,2.24,clear sky
19,Tshane,BW,-24.02,21.87,90.68,16,68,8.5,broken clouds
20,Arraial Do Cabo,BR,-22.97,-42.03,70.45,89,100,29.55,overcast clouds
21,Chuy,UY,-33.7,-53.46,63.01,98,63,6.73,broken clouds
22,Kapaa,US,22.08,-159.32,78.8,78,1,4.7,clear sky
23,La Palma,US,33.85,-118.05,66.2,68,90,5.61,overcast clouds
24,Vaini,TO,-21.2,-175.2,73.4,94,90,10.29,light intensity shower rain
25,Karratha,AU,-20.74,116.85,82.76,46,57,20.92,broken clouds
26,Kodiak,US,57.79,-152.41,44.6,93,90,3.36,overcast clouds
27,Richards Bay,ZA,-28.78,32.04,82.98,46,0,4.7,clear sky
28,Punta Arenas,CL,-53.15,-70.92,41,93,90,10.29,light intensity drizzle
29,Sur,OM,22.57,59.53,84.36,44,0,16.55,clear sky
30,Marsabit,KE,2.33,37.99,66.47,77,98,18.32,overcast clouds
31,Cape Town,ZA,-33.93,18.42,64.99,72,75,2.24,broken clouds
32,Butaritari,KI,3.07,172.79,81.37,70,89,7.23,overcast clouds
33,Newport,GB,51.59,-3,48,97,60,1.01,light rain
34,Port Alfred,ZA,-33.59,26.89,69.13,78,100,17.85,overcast clouds
35,Albany,US,42.6,-73.97,41,69,98,5.77,overcast clouds
36,Airai,TL,-8.93,125.41,75.24,70,90,2.44,light rain
37,Mana,GF,5.66,-53.78,79.81,81,2,10,clear sky
38,Mackay,AU,-21.15,149.2,80.01,83,40,16.11,scattered clouds
39,Tura,IN,25.52,90.22,80.58,79,21,3.13,few clouds
40,Mantua,IT,45.17,10.78,48.2,100,0,3.36,fog
41,Jamestown,US,42.1,-79.24,37.99,74,90,3.85,overcast clouds
42,Qasigiannguit,GL,68.82,-51.19,15.8,61,0,2.24,clear sky
43,Erzin,TR,36.96,36.2,80.01,23,100,8.99,overcast clouds
44,Cockburn Town,TC,21.46,-71.14,83.03,80,100,21.92,overcast clouds
45,Fortuna,US,40.6,-124.16,48.99,93,90,2.04,overcast clouds
46,Wanning,CN,18.8,110.4,80.29,86,100,13.82,overcast clouds
47,Fenyi,CN,27.81,114.67,67.59,54,71,3.27,broken clouds
48,Lebu,CL,-37.62,-73.65,46.72,82,3,6.22,clear sky
49,Brazzaville,CG,-4.27,15.28,75.2,88,75,3.36,broken clouds
50,Pevek,RU,69.7,170.31,27.82,92,2,14.7,clear sky
51,Lar,IN,26.2,83.97,88.16,28,0,10.74,clear sky
52,Mataura,NZ,-46.19,168.86,48,94,100,8.99,overcast clouds
53,Channel-Port Aux Basques,CA,47.57,-59.14,49.66,94,100,15.08,overcast clouds
54,Hermanus,ZA,-34.42,19.23,66,77,100,5.01,overcast clouds
55,Robinson,US,31.47,-97.11,55.99,87,90,4.7,overcast clouds
56,Nuevo Progreso,MX,23.17,-97.95,73.99,67,75,0.65,broken clouds
57,Mar Del Plata,AR,-38,-57.56,59,100,90,9.17,light intensity drizzle
58,Hobart,AU,-42.88,147.33,55,53,40,17.22,scattered clouds
59,Saldanha,ZA,-33.01,17.94,62.6,72,100,5.82,overcast clouds
60,Atuona,PF,-9.8,-139.03,78.73,75,0,20.87,clear sky
61,Nalut,LY,30.33,10.85,67.73,27,0,12.3,clear sky
62,Vila Franca Do Campo,PT,37.72,-25.43,62.6,77,40,6.93,scattered clouds
63,Carnarvon,AU,-24.87,113.63,75.2,73,40,23.04,scattered clouds
64,Cidreira,BR,-30.18,-50.21,69.1,89,91,18.39,overcast clouds
65,Jalalpur Pirwala,PK,29.51,71.22,96.21,10,0,9.66,clear sky
66,Khandyga,RU,62.67,135.6,12.76,93,0,1.43,clear sky
67,Hawalli,KW,29.28,48,78.8,11,5,5.82,clear sky
68,Tazovskiy,RU,67.47,78.7,16.09,97,94,7.63,overcast clouds
69,Egvekinot,RU,66.32,-179.17,21.43,95,2,5.53,clear sky
70,Payo,ID,-3.75,103.64,90.77,58,100,2.39,overcast clouds
71,Puerto Ayora,EC,-0.74,-90.35,66.99,96,99,3,overcast clouds
72,Lorengau,PG,-2.02,147.27,85.08,66,57,6.53,broken clouds
73,Yellowknife,CA,62.46,-114.35,21,85,75,5.82,broken clouds
74,Sao Joao Da Barra,BR,-21.64,-41.05,72.64,91,100,10.2,overcast clouds
75,Yar-Sale,RU,66.83,70.83,14.7,96,0,7.56,clear sky
76,Antalaha,MG,-14.9,50.28,79.07,68,5,12.01,light rain
77,Georgetown,MY,5.41,100.34,86,74,40,9.17,light rain
78,Nikolskoye,RU,59.7,30.79,39.2,93,90,2.39,moderate rain
79,Henties Bay,NA,-22.12,14.28,57,92,58,3,broken clouds
80,Vardo,NO,70.37,31.11,39.99,77,100,17.22,overcast clouds
81,Sorland,NO,67.67,12.69,43.63,62,100,29.48,overcast clouds
82,Buala,SB,-8.14,159.59,82.02,77,100,6.67,moderate rain
83,Yarada,IN,17.65,83.27,91.4,49,40,2.24,haze
84,Kamaishi,JP,39.27,141.88,53.6,76,75,5.82,broken clouds
85,Avera,US,33.19,-82.53,69.01,96,90,6.08,overcast clouds
86,Mount Gambier,AU,-37.83,140.77,55.4,62,40,23.04,light rain
87,Tuktoyaktuk,CA,69.45,-133.04,19.18,92,0,16.37,clear sky
88,Taoudenni,ML,22.68,-3.98,81.61,19,17,16.89,few clouds
89,Te Anau,NZ,-45.42,167.72,55.38,92,100,2.55,light rain
90,Bethel,US,41.37,-73.41,42.01,78,100,1.01,overcast clouds
91,Namatanai,PG,-3.67,152.43,82.18,74,29,6.64,moderate rain
92,Hithadhoo,MV,-0.6,73.08,83.88,73,4,9.37,clear sky
93,Beringovskiy,RU,63.05,179.32,30.67,96,93,10.94,overcast clouds
94,Dukat,RU,62.55,155.55,28.08,95,100,3.89,overcast clouds
95,Hilo,US,19.73,-155.09,78.8,83,90,3.36,moderate rain
96,Comodoro Rivadavia,AR,-45.87,-67.5,57.2,47,0,11.41,clear sky
97,Borovskoy,KZ,53.8,64.15,48.18,72,100,11.21,overcast clouds
98,Bengkulu,ID,-3.8,102.27,80.46,79,100,3.18,overcast clouds
99,Sabha,LY,27.04,14.43,67.46,43,0,7.7,clear sky
100,Sawtell,AU,-30.38,153.1,66.2,93,90,16.11,overcast clouds
101,Tubuala,PA,9.52,-79.03,78.01,94,40,14.07,scattered clouds
102,Saskylakh,RU,71.92,114.08,11.1,93,100,17.31,overcast clouds
103,Ancud,CL,-41.87,-73.82,45,100,20,8.05,few clouds
104,Erenhot,CN,43.65,111.98,59.2,30,0,10.67,clear sky
105,Khatanga,RU,71.97,102.5,8.04,95,100,12.59,light snow
106,Cabo San Lucas,MX,22.89,-109.91,78.01,79,0,1.01,clear sky
107,Lavrentiya,RU,65.58,-171,33.75,91,56,9.28,broken clouds
108,Zhangye,CN,38.93,100.45,53.8,36,1,11.39,clear sky
109,Klamath Falls,US,42.22,-121.78,35.6,69,1,6.93,clear sky
110,Ahuimanu,US,21.44,-157.84,80.6,78,40,4.7,scattered clouds
111,Trat,TH,12.5,102.5,87.93,51,100,4.81,moderate rain
112,Saint Anthony,US,45.02,-93.22,30,58,90,3.36,overcast clouds
113,Klaksvik,FO,62.23,-6.59,46.4,93,100,12.75,light rain
114,Mayor Pablo Lagerenza,PY,-19.93,-60.77,79.38,61,2,4.45,clear sky
115,Warrington,GB,53.39,-2.58,46.99,93,40,13.87,scattered clouds
116,Cermik,TR,38.14,39.45,53.6,46,75,4.7,broken clouds
117,Verkhoyansk,RU,67.54,133.38,17.91,90,100,8.39,overcast clouds
118,Pinega,RU,64.7,43.39,29.43,98,100,5.01,snow
119,Hasaki,JP,35.73,140.83,72,37,20,9.17,few clouds
120,Port Elizabeth,ZA,-33.92,25.57,68,88,90,14.99,overcast clouds
121,Castro,BR,-24.79,-50.01,58.57,94,0,2.17,clear sky
122,Avarua,CK,-21.21,-159.78,73.4,78,72,12.75,broken clouds
123,Ponta Do Sol,PT,32.67,-17.1,64.4,63,20,9.17,few clouds
124,Lasa,IT,46.62,10.7,48.99,100,20,2.3,few clouds
125,Constitucion,CL,-35.33,-72.42,49.26,84,9,8.46,clear sky
126,Kaitangata,NZ,-46.28,169.85,53.01,89,100,8.01,overcast clouds
127,Bambous Virieux,MU,-20.34,57.76,78.8,61,75,16.11,shower rain
128,Codajas,BR,-3.84,-62.06,74.68,94,100,0.87,overcast clouds
129,Ribeira Grande,PT,38.52,-28.7,64.78,74,99,11.9,overcast clouds
130,Abbeville,FR,50.1,1.83,52,80,100,12.84,moderate rain
131,Yumen,CN,40.28,97.2,52.29,39,0,10.89,clear sky
132,Bredasdorp,ZA,-34.53,20.04,66.2,68,100,6.93,overcast clouds
133,Bluff,NZ,-46.6,168.33,48,94,100,8.99,light rain
134,Tevaitoa,PF,-16.78,-151.5,80.1,70,96,1.23,light rain
135,Bronnoysund,NO,65.46,12.2,42.01,60,100,14.99,light rain
136,Port-Gentil,GA,-0.72,8.78,78.8,83,40,9.17,scattered clouds
137,Radhanpur,IN,23.83,71.6,90.46,30,0,3.36,clear sky
138,Nelson Bay,AU,-32.72,152.15,60.01,93,90,13.87,light intensity drizzle
139,Sinjai,ID,-5.12,120.25,88.2,60,100,9.8,overcast clouds
140,Varhaug,NO,58.61,5.65,48,99,100,3,overcast clouds
141,Ucluelet,CA,48.93,-125.55,34,95,0,9.19,clear sky
142,Roald,NO,62.58,6.13,48.2,87,75,11.41,light rain
143,Mucurapo,TT,10.67,-61.53,75.99,94,20,11.45,few clouds
144,Nybro,SE,56.74,15.91,54,100,100,9.17,overcast clouds
145,Laguna,US,38.42,-121.42,57.99,76,1,10.29,clear sky
146,Salalah,OM,17.02,54.09,86,30,0,3.36,clear sky
147,Geraldton,AU,-28.77,114.6,87.8,20,0,14.99,clear sky
148,Portland,US,45.52,-122.68,43,54,0,1.99,clear sky
149,Pangody,RU,65.85,74.49,15.28,96,0,7.92,clear sky
150,Lagoa,PT,39.05,-27.98,63.84,68,100,14.79,overcast clouds
151,Los Llanos De Aridane,ES,28.66,-17.92,69.8,60,97,10.29,overcast clouds
152,Parkes,AU,-33.13,148.18,54.03,93,100,6.46,overcast clouds
153,Thompson,CA,55.74,-97.86,23,85,90,8.05,light snow
154,Necochea,AR,-38.55,-58.74,60.01,94,99,7,overcast clouds
155,Kichera,RU,55.94,110.1,39.07,69,100,1.7,overcast clouds
156,Gat,IL,31.61,34.76,78.01,27,94,5.91,overcast clouds
157,Chokurdakh,RU,70.63,147.92,10.33,96,25,10.33,scattered clouds
158,Goundam,ML,16.41,-3.67,79.93,15,0,9.89,clear sky
159,Grosseto,IT,42.83,11.25,54,87,40,2.24,scattered clouds
160,Codrington,AU,-38.27,141.97,51.12,65,11,21.63,few clouds
161,Kahului,US,20.89,-156.47,82.4,65,1,4.7,clear sky
162,Chumikan,RU,54.72,135.31,38.57,74,95,16.35,overcast clouds
163,Isangel,VU,-19.55,169.27,80.6,65,75,5.82,broken clouds
164,Saint-Philippe,RE,-21.36,55.77,82.4,51,0,25.28,clear sky
165,Nago,JP,26.59,127.98,77,53,40,11.41,scattered clouds
166,Quelimane,MZ,-17.88,36.89,80.6,74,75,9.17,broken clouds
167,Tiznit,MA,29.58,-9.5,60.89,46,53,1.45,broken clouds
168,Pasaco,GT,13.98,-90.21,75.42,88,100,4.29,overcast clouds
169,Walvis Bay,NA,-22.96,14.51,57.2,87,90,10.29,overcast clouds
170,Waipawa,NZ,-41.41,175.52,62.6,82,0,26.4,clear sky
171,Sitka,US,57.05,-135.33,39.2,44,1,2.75,clear sky
172,Morant Bay,JM,17.88,-76.41,82.4,78,40,21.92,scattered clouds
173,Gamba,GA,-2.65,10,77.83,86,100,7.38,light rain
174,Teloloapan,MX,18.35,-99.85,64,78,81,2.39,broken clouds
175,Bastrop,US,32.76,-91.87,53.6,100,90,4.32,mist
176,Port Lincoln,AU,-34.73,135.87,56.07,54,0,16.04,clear sky
177,Lima,PE,-12.04,-77.03,62.6,82,90,8.05,overcast clouds
178,Manokwari,ID,-0.87,134.08,84.27,67,100,2.82,moderate rain
179,Torbay,CA,47.67,-52.73,52,100,90,14.99,heavy intensity rain
180,Partizanskoye,RU,55.5,94.39,31.24,82,100,15.14,overcast clouds
181,Kloulklubed,PW,7.04,134.26,86,70,75,4.7,broken clouds
182,Khani,GE,41.96,42.96,64.4,55,0,6.93,clear sky
183,East London,ZA,-33.02,27.91,66.2,93,75,13.87,broken clouds
184,Vaitape,PF,-16.52,-151.75,80.28,73,79,3.62,light rain
185,Chapais,CA,49.78,-74.85,21.2,92,1,5.82,clear sky
186,Am Timan,TD,11.03,20.28,83.14,30,1,6.04,clear sky
187,Gladstone,AU,-23.85,151.25,77,73,75,11.41,broken clouds
188,Tilichiki,RU,60.47,166.1,30.07,96,0,4.03,clear sky
189,Chester,US,40.13,-75.87,44.6,75,40,7.78,scattered clouds
190,Nishihara,JP,26.18,127.76,77,44,40,10.29,scattered clouds
191,Havre-Saint-Pierre,CA,50.23,-63.6,32,84,1,10.29,clear sky
192,San Miguel,SV,13.48,-88.18,74.16,94,100,2.17,overcast clouds
193,Adrar,MR,20.5,-10.07,82.51,15,100,7.43,overcast clouds
194,Alamosa,US,37.47,-105.87,42.8,41,1,5.82,clear sky
195,Mahebourg,MU,-20.41,57.7,78.8,61,75,16.11,shower rain
196,Labuhan,ID,-6.88,112.21,88.25,60,98,9.35,light rain
197,Pangkalanbuun,ID,-2.68,111.62,86.36,70,100,4.99,moderate rain
198,Lompoc,US,34.64,-120.46,62.6,77,90,4.07,overcast clouds
199,Dalvik,IS,65.97,-18.53,39.2,86,90,12.75,overcast clouds
200,Saint-Pierre,RE,-21.34,55.48,82.4,51,0,25.28,clear sky
201,Severo-Kurilsk,RU,50.68,156.12,45.32,80,6,7.11,clear sky
202,Shimoda,JP,34.67,138.95,66.2,52,20,6.93,few clouds
203,Norman Wells,CA,65.28,-126.83,3.2,84,40,2.24,scattered clouds
204,Tessalit,ML,20.2,1.01,78.69,16,0,9.98,clear sky
205,Provideniya,RU,64.38,-173.3,32.77,91,9,7.74,clear sky
206,Acapulco,MX,16.86,-99.89,79.79,84,43,5.73,scattered clouds
207,Vlasotince,RS,42.96,22.12,53.01,93,40,2.62,light rain
208,Vanavara,RU,60.34,102.28,30.54,92,100,5.1,overcast clouds
209,Pilar,BR,-9.6,-35.96,71.6,94,20,2.24,few clouds
210,Mitsamiouli,KM,-11.38,43.28,80.74,73,13,13.8,few clouds
211,Phalombe,MW,-15.81,35.65,83.77,40,16,5.5,few clouds
212,Zhuhai,CN,22.28,113.57,88,69,0,11.41,clear sky
213,Alofi,NU,-19.06,-169.92,77,83,100,16.11,overcast clouds
214,Salym,RU,60.06,71.48,28.4,97,100,11.65,overcast clouds
215,Heihe,CN,50.24,127.49,51.8,34,0,13.42,clear sky
216,Sulphur,US,30.24,-93.38,57.99,100,90,6.93,overcast clouds
217,Atikokan,CA,48.76,-91.62,21.51,95,34,4.12,scattered clouds
218,Esperance,AU,-33.87,121.9,75.2,33,40,8.05,scattered clouds
219,Sohag,EG,26.56,31.69,68,42,0,3.36,clear sky
220,Holme,DK,56.11,10.17,55.99,87,100,10.29,overcast clouds
221,Buta,CD,2.79,24.73,76.39,87,100,2.24,overcast clouds
222,Upernavik,GL,72.79,-56.15,17.96,86,0,8.05,clear sky
223,Faanui,PF,-16.48,-151.75,79.45,75,73,4.43,light rain
224,Dingle,PH,11,122.67,77.49,91,100,3.85,light rain
225,Feijo,BR,-8.16,-70.35,74.66,87,17,2.71,few clouds
226,Meshcherino,RU,55.2,38.36,45,87,0,4.47,clear sky
227,Guerrero Negro,MX,27.98,-114.06,65.35,87,23,13.58,few clouds
228,Biltine,TD,14.53,20.92,81.45,22,8,16.4,clear sky
229,Karaton,ID,-6.34,106.1,89.01,66,40,11.41,light rain
230,Victoria,HK,22.29,114.16,79,59,99,1.01,overcast clouds
231,Deputatskiy,RU,69.3,139.9,8.15,88,20,6.78,few clouds
232,Longyearbyen,SJ,78.22,15.64,23,85,75,4.7,broken clouds
233,Narsaq,GL,60.92,-46.05,28.4,68,100,4.7,overcast clouds
234,Luancheng,CN,37.88,114.65,68,32,76,4.47,haze
235,San Quintin,MX,30.48,-115.95,65.8,76,100,9.46,overcast clouds
236,Blagoyevo,RU,63.37,47.92,29.71,97,97,5.57,overcast clouds
237,Luderitz,NA,-26.65,15.16,71.4,39,95,17.52,overcast clouds
238,Tiksi,RU,71.69,128.87,8.51,90,100,28.16,overcast clouds
239,Leningradskiy,RU,69.38,178.42,23.07,89,0,9.35,clear sky
240,Swan River,CA,52.11,-101.27,18,94,100,6.62,overcast clouds
241,Putnok,HU,48.3,20.43,52.88,95,100,2.64,moderate rain
242,Asfi,MA,32.3,-9.24,61.23,86,0,12.55,clear sky
243,Ayagoz,KZ,47.97,80.44,39.2,68,19,15.08,few clouds
244,Springdale,US,36.19,-94.13,44.6,93,90,5.82,mist
245,Neuquen,AR,-38.95,-68.06,53.85,42,0,28.83,clear sky
246,Aksha,RU,50.28,113.29,44.94,57,6,7.52,clear sky
247,Kavieng,PG,-2.57,150.8,84.24,72,46,8.46,scattered clouds
248,La Ronge,CA,55.1,-105.28,23,57,90,10.29,light snow
249,Sikeston,US,36.88,-89.59,50,76,90,5.82,overcast clouds
250,Ormara,PK,25.21,64.64,85.05,32,0,11.14,clear sky
251,Itoman,JP,26.12,127.67,77,50,75,10.29,broken clouds
252,Asau,RO,46.43,26.4,54,98,100,3.27,overcast clouds
253,Wajir,KE,1.75,40.06,82.62,53,95,13.27,overcast clouds
254,Westport,US,41.14,-73.36,45,81,100,13.02,overcast clouds
255,Jonkoping,SE,57.78,14.16,50,100,100,13.87,overcast clouds
256,Northam,GB,51.03,-4.22,46.99,90,100,16.4,light rain
257,Ntchisi,MW,-13.53,33.91,73.4,49,20,13.87,few clouds
258,Brignoles,FR,43.4,6.07,60.01,93,0,2.24,clear sky
259,Tahta,EG,26.77,31.5,68,42,0,3.36,clear sky
260,Novomikhaylovskiy,RU,44.26,38.86,70.5,35,95,2.13,overcast clouds
261,Sosva,RU,59.18,61.86,31.95,98,100,1.61,overcast clouds
262,Carutapera,BR,-1.2,-46.02,75.07,89,65,4.07,broken clouds
263,Palmer,US,42.16,-72.33,42.8,73,1,5.82,clear sky
264,Santa Maria,BR,-29.68,-53.81,64.47,95,8,4.12,clear sky
265,Pemangkat,ID,1.17,108.97,84.79,68,1,10.78,light rain
266,Strezhevoy,RU,60.73,77.59,23,79,20,15.66,few clouds
267,Kutum,SD,14.2,24.67,73.8,28,0,16.69,clear sky
268,Ust-Kuyga,RU,70.02,135.6,10.35,90,100,8.41,overcast clouds
269,Erbaa,TR,40.67,36.57,59,82,20,4.7,few clouds
270,Bilma,NE,18.69,12.92,72.64,25,0,18.19,clear sky
271,Yenagoa,NG,4.92,6.26,77,90,100,7.49,light rain
272,Powell River,CA,49.85,-124.54,39.2,44,5,5.82,clear sky
273,Hambantota,LK,6.12,81.12,93.2,56,20,8.05,few clouds
274,Zistersdorf,AT,48.53,16.75,51.01,93,0,2.13,clear sky
275,Sancti Spiritus,CU,21.93,-79.44,74.39,95,100,11.43,light rain
276,Talnakh,RU,69.49,88.4,8.6,92,40,8.95,scattered clouds
277,Zhezkazgan,KZ,47.8,67.71,41.38,64,100,16.75,overcast clouds
278,Bierbeek,BE,50.83,4.76,53.6,93,100,11.41,light rain
279,Kieta,PG,-6.22,155.63,78.17,86,100,13.6,moderate rain
280,Srednekolymsk,RU,67.45,153.68,15.42,95,89,3.04,overcast clouds
281,Blackfoot,US,43.19,-112.34,21.99,74,98,10,light rain
282,Shelburne,CA,44.08,-80.2,37,94,75,2.48,broken clouds
283,Pacific Grove,US,36.62,-121.92,60.8,82,90,0.92,overcast clouds
284,Biak,ID,-0.91,122.88,84.67,67,27,5.37,scattered clouds
285,Durango,MX,24.83,-104.83,59.4,56,0,5.01,clear sky
286,Tomatlan,MX,19.93,-105.25,77.18,96,60,0.67,broken clouds
287,Goderich,CA,43.75,-81.72,37.99,86,100,5.1,overcast clouds
288,Marsaxlokk,MT,35.84,14.54,68,72,20,10.29,few clouds
289,Vanderhoof,CA,54.02,-124.02,14.38,92,0,1.97,clear sky
290,College,US,64.86,-147.8,28,79,75,2.68,broken clouds
291,Mayo,US,38.89,-76.51,57,62,90,11.41,overcast clouds
292,Belozerskoye,RU,55.82,65.58,42.28,90,100,10.42,overcast clouds
293,Tsabong,BW,-26.02,22.4,91.42,17,52,15.52,broken clouds
294,Alice Town,BS,25.72,-79.3,77.63,86,100,5.35,very heavy rain
295,Qaanaaq,GL,77.48,-69.36,18.25,90,85,11.74,overcast clouds
296,Clyde River,CA,70.47,-68.59,14,92,1,16.11,clear sky
297,Touros,BR,-5.2,-35.46,73.4,94,40,3.36,scattered clouds
298,Dunedin,NZ,-45.87,170.5,54,86,100,17,overcast clouds
299,Cherskiy,RU,68.75,161.3,12.25,96,70,3.18,broken clouds
300,Mecca,SA,21.43,39.83,90.32,32,0,9.69,clear sky
301,Naze,JP,28.37,129.48,75.2,56,40,11.41,scattered clouds
302,Dakar,SN,14.69,-17.44,82.4,88,0,11.41,clear sky
303,Ponta Delgada,PT,37.73,-25.67,62.6,77,40,5.82,scattered clouds
304,Gizo,SB,-8.1,156.84,83.91,73,100,6.11,moderate rain
305,Yalova,TR,40.66,29.28,62.6,88,40,5.82,mist
306,Durban,ZA,-29.86,31.03,75,78,75,10.29,broken clouds
307,Anahuac,MX,27.23,-100.15,67.68,78,0,11.63,clear sky
308,Qostanay,KZ,53.17,63.58,46.4,93,0,11.18,clear sky
309,Kaeo,NZ,-35.1,173.78,64,81,2,3,clear sky
310,Pajapan,MX,18.25,-94.7,74.07,90,100,4.92,overcast clouds
311,Saint-Georges,GD,12.06,-61.75,78.8,88,75,23.04,light intensity shower rain
312,Kruisfontein,ZA,-34,24.73,69.01,77,100,7,overcast clouds
313,Cap Malheureux,MU,-19.98,57.61,77,74,41,11.99,light rain
314,Vila Do Maio,CV,15.13,-23.22,78.8,74,0,18.34,clear sky
315,Iqaluit,CA,63.75,-68.51,21.2,62,40,6.93,scattered clouds
316,Aprelevka,RU,55.55,37.08,43,86,75,4.47,light rain
317,Mao,ES,39.89,4.27,66.2,72,20,12.75,few clouds
318,Anadyr,RU,64.75,177.48,24.8,100,90,2.24,overcast clouds
319,Jizan,SA,17.33,42.67,89.6,70,20,5.82,few clouds
320,Lazaro Cardenas,MX,17.96,-102.2,79.81,89,26,4.14,light rain
321,Liverpool,GB,53.41,-2.98,46.4,87,40,13.87,shower rain
322,Selma,US,36.57,-119.61,64.4,66,75,5.1,broken clouds
323,Ashtarak,AM,40.3,44.36,59,44,0,1.12,clear sky
324,Carora,VE,10.18,-70.08,73.38,82,100,2.62,overcast clouds
325,Hualmay,PE,-11.1,-77.61,61.29,87,65,7.45,broken clouds
326,Da Nang,VN,16.07,108.22,77,78,75,2.24,broken clouds
327,Lata,PT,40.16,-8.33,63,91,100,4,overcast clouds
328,Nanortalik,GL,60.14,-45.24,31.89,92,100,9.51,overcast clouds
329,Ballangen,NO,68.34,16.83,37.99,92,97,17.22,overcast clouds
330,San Francisco,US,37.77,-122.42,57.99,82,75,6.93,broken clouds
331,Grants,US,35.15,-107.85,48.2,36,1,11.12,clear sky
332,Juneau,US,58.3,-134.42,35.01,79,90,1.86,overcast clouds
333,Ilulissat,GL,69.22,-51.1,15.8,61,0,2.24,clear sky
334,Jinka,ET,5.65,36.65,74.05,69,0,3.74,light rain
335,Bouna,CI,9.27,-3,73.98,79,83,3.98,broken clouds
336,Vila Velha,BR,-20.33,-40.29,71.6,88,90,9.17,light rain
337,Aklavik,CA,68.22,-135.01,12.2,78,20,2.24,few clouds
338,Santa Marta,CO,11.24,-74.2,81,77,100,1.01,moderate rain
339,Tukrah,LY,32.53,20.58,71.78,59,0,9.28,clear sky
340,Venezuela,VE,8,-66,76.98,85,49,7.67,light rain
341,Pomichna,UA,48.24,31.42,54.88,81,100,7.27,overcast clouds
342,Victor Harbor,AU,-35.57,138.62,55,70,25,4,scattered clouds
343,Honningsvag,NO,70.98,25.97,40.68,70,98,12.91,overcast clouds
344,Pimenta Bueno,BR,-11.67,-61.19,73.13,95,100,3.91,heavy intensity rain
345,Artyom,AZ,40.47,50.33,71.6,73,20,13.87,few clouds
346,Gelibolu,TR,40.41,26.67,71.01,82,0,2.24,clear sky
347,Beinamar,TD,8.67,15.38,78.46,66,100,2.46,overcast clouds
348,Baruun-Urt,MN,46.68,113.28,50.49,40,0,1.92,clear sky
349,Pisco,PE,-13.7,-76.22,60.01,87,11,2.24,few clouds
350,Nokaneng,BW,-19.67,22.27,88.72,18,34,7.87,scattered clouds
351,Rio Pardo De Minas,BR,-15.61,-42.54,66.43,90,100,0.96,overcast clouds
352,Sikonge,TZ,-5.63,32.77,75.2,57,75,17.22,broken clouds
353,Port-Cartier,CA,50.03,-66.87,35.01,90,20,2.24,few clouds
354,Haines Junction,CA,60.75,-137.51,25.88,82,100,3.04,overcast clouds
355,Mackenzie,CA,55.3,-123.17,12.2,92,1,2.24,clear sky
356,Rabo De Peixe,PT,37.8,-25.58,62.6,77,40,5.82,scattered clouds
357,Margate,GB,51.38,1.39,51.01,86,22,1.99,few clouds
358,Okakarara,NA,-20.58,17.43,83.59,17,100,7.7,overcast clouds
359,Nekhayevskiy,RU,50.41,41.76,55.99,83,2,8.99,clear sky
360,Rome,US,34.26,-85.16,66.2,100,90,3.11,mist
361,Qaqortoq,GL,60.72,-46.03,28.4,68,100,4.7,overcast clouds
362,North Bend,US,43.41,-124.22,46.4,93,1,6.78,clear sky
363,Flin Flon,CA,54.77,-101.86,20.14,91,92,6.91,overcast clouds
364,Bridgetown,BB,13.1,-59.62,82.4,74,20,19.46,few clouds
365,Stokmarknes,NO,68.56,14.91,37.99,75,55,13,broken clouds
366,Vanimo,PG,-2.67,141.3,84.24,67,99,5.03,light rain
367,Desna,UA,50.93,30.76,55.99,100,0,2.24,clear sky
368,Poltavka,RU,54.37,71.76,39.36,98,100,12.41,overcast clouds
369,Mutata,CO,7.24,-76.44,72.54,84,100,2.28,overcast clouds
370,Sayyan,YE,15.17,44.32,64.78,23,0,3.13,clear sky
371,Thinadhoo,MV,0.53,72.93,83.68,75,11,10.69,few clouds
372,Ostrovnoy,RU,68.05,39.51,33.04,91,99,17.6,overcast clouds
373,Harnosand,SE,62.63,17.94,42.01,91,100,4.7,overcast clouds
374,Tamworth,GB,52.63,-1.7,44.01,93,20,6.93,few clouds
375,Povenets,RU,62.85,34.83,35.04,88,91,9.57,overcast clouds
376,Severodvinsk,RU,64.56,39.83,32,97,90,4.47,overcast clouds
377,Palembang,ID,-2.92,104.75,87.8,62,40,4,scattered clouds
378,Miquelon,PM,47.1,-56.38,52.86,93,100,18.34,overcast clouds
379,Viedma,AR,-40.81,-63,63,86,100,4,moderate rain
380,Kozienice,PL,51.58,21.55,46.99,97,0,4.85,clear sky
381,Chesma,RU,53.81,60.65,50.27,60,100,12.53,overcast clouds
382,Sibu,MY,2.3,111.82,91.4,59,40,6.93,scattered clouds
383,Sosnovo-Ozerskoye,RU,52.52,111.54,38.5,73,100,4.52,overcast clouds
384,Pathein,MM,16.78,94.73,86.83,70,98,4.79,overcast clouds
385,Novaya Igirma,RU,57.13,103.91,34.02,87,100,8.63,overcast clouds
386,Osa,RU,57.28,55.46,36.75,83,97,3.15,overcast clouds
387,Sao Francisco De Paula,BR,-29.45,-50.58,61,85,0,1.99,light rain
388,Arlit,NE,18.74,7.39,75.33,18,0,10.71,clear sky
389,Iwaki,JP,37.05,140.88,64.99,47,24,3,few clouds
390,Ajdabiya,LY,30.76,20.23,69.12,62,0,2.33,clear sky
391,Polunochnoye,RU,60.87,60.42,29.21,97,98,2.37,overcast clouds
392,Wewak,PG,-3.55,143.63,83.79,70,100,6.76,overcast clouds
393,Shubarshi,KZ,48.59,57.19,57.74,62,69,15.9,broken clouds
394,Sola,VU,-13.88,167.55,84.2,74,75,2.24,broken clouds
395,Iquique,CL,-20.22,-70.14,62.6,77,90,5.82,overcast clouds
396,Charters Towers,AU,-20.1,146.27,91.26,23,57,12.12,light rain
397,Leeton,AU,-34.57,146.4,66.2,55,75,11.41,broken clouds
398,Bella Union,UY,-30.28,-57.6,66.33,90,0,8.48,clear sky
399,Ibatiba,BR,-20.23,-41.51,64.51,98,100,2.55,moderate rain
400,Fort Nelson,CA,58.81,-122.7,15.8,72,75,2.24,broken clouds
401,Presidente Medici,BR,-11.18,-61.9,73.06,96,100,3.58,moderate rain
402,Supaul,IN,26.12,86.6,88.45,50,19,2.53,few clouds
403,Lake City,US,30.19,-82.64,69.8,100,75,2.86,mist
404,Kenai,US,60.55,-151.26,44.6,56,90,11.41,overcast clouds
405,Agira,IT,37.66,14.52,60.8,100,20,13.87,few clouds
406,Quatre Cocos,MU,-20.21,57.76,78.8,61,75,16.11,shower rain
407,Kaohsiung,TW,22.62,120.31,84.2,66,75,9.17,broken clouds
408,Aksu,CN,41.12,80.26,61.07,26,100,7.4,overcast clouds
409,Clarksburg,US,39.28,-80.34,46.99,75,90,9.17,overcast clouds
410,Washington,US,47.5,-120.5,33.8,55,90,13.87,overcast clouds
411,Tamandare,BR,-8.76,-35.1,75.06,84,0,4.52,clear sky
412,Palana,RU,59.12,159.97,34.7,86,100,5.39,overcast clouds
413,Barra Patuca,HN,15.8,-84.28,76.39,93,100,9.66,light rain
414,Les Cayes,HT,18.2,-73.75,78.57,82,85,5.46,overcast clouds
415,Kem,RU,64.96,34.58,31.91,96,94,10.02,overcast clouds
416,Elko,US,41,-115.5,46.4,83,75,4.7,broken clouds
417,Hay River,CA,60.82,-115.8,15.8,85,40,8.05,scattered clouds
418,Zhangjiakou,CN,40.81,114.88,62.51,30,0,2.15,clear sky
419,Poplar Bluff,US,36.76,-90.39,50,76,90,3.36,overcast clouds
420,San Luis,AR,-33.3,-66.34,63.21,75,21,11.03,heavy intensity rain
421,Dauphin,CA,51.15,-100.05,23,79,90,6.93,overcast clouds
422,Puerto Escondido,MX,15.85,-97.07,79.02,78,100,5.39,light rain
423,Ornskoldsvik,SE,63.29,18.72,28.4,100,100,3.36,light rain
424,Hammerfest,NO,70.66,23.68,35.6,80,99,10.29,overcast clouds
425,Macas,EC,-2.32,-78.12,65.16,76,97,3.62,overcast clouds
426,Port Arthur,CN,38.8,121.27,66.2,39,0,8.95,clear sky
427,Usinsk,RU,65.99,57.53,22.96,97,100,4.03,light snow
428,San Patricio,US,28.02,-97.52,70,100,1,5.21,clear sky
429,Tyrma,RU,50.08,132.17,42.8,63,0,5.01,clear sky
430,Nikolayevsk-Na-Amure,RU,53.14,140.73,42.91,89,100,11.54,moderate rain
431,Souillac,MU,-20.52,57.52,78.8,61,75,16.11,shower rain
432,Lipari,IT,38.47,14.95,66,73,2,5.99,clear sky
433,Chimbote,PE,-9.09,-78.58,60.87,89,75,4.05,broken clouds
434,Morondava,MG,-20.28,44.28,86.74,44,51,3.4,broken clouds
435,Marawi,PH,8,124.29,78.01,88,100,1.01,light rain
436,Belyy Yar,RU,53.6,91.39,33.8,40,0,6.71,clear sky
437,Vao,NC,-22.67,167.48,72.81,84,77,19.44,broken clouds
438,Prado,BR,-17.34,-39.22,72.66,91,87,7.09,overcast clouds
439,Kailua,US,21.4,-157.74,80.6,78,40,4.7,scattered clouds
440,Puri,IN,19.8,85.85,86,74,20,6.93,haze
441,Saint George,US,37.1,-113.58,62.6,42,0,4.7,clear sky
442,Balakhninskiy,RU,58.01,114.28,36.09,84,100,2.62,overcast clouds
443,Morros,BR,-9.45,-46.3,73.53,82,99,1.88,overcast clouds
444,Coquimbo,CL,-29.95,-71.34,55.4,87,0,6.93,clear sky
445,Azul,AR,-36.78,-59.86,64,96,100,5.01,light rain
446,Priekule,LV,56.45,21.59,42.8,100,93,2.24,overcast clouds
447,Todos Santos,MX,23.45,-110.22,80.01,86,0,1.99,clear sky
448,Kidal,ML,18.44,1.41,75.2,18,0,11.12,clear sky
449,Caravelas,BR,-17.71,-39.25,73.45,90,100,5.75,light rain
450,Tampilisan,PH,8.02,122.68,75.47,93,100,7.47,light rain
451,Marzuq,YE,14.4,46.47,77.99,16,5,3.56,clear sky
452,Bogandinskiy,RU,56.89,65.89,33.8,100,90,6.71,light intensity shower rain
453,Umm Lajj,SA,25.02,37.27,89.24,30,0,7.18,clear sky
454,Macomb,US,40.46,-90.67,39,75,90,10.29,overcast clouds
455,Berdigestyakh,RU,62.1,126.7,24.31,96,0,4.45,clear sky
456,Cumberland,US,35.05,-78.87,68,93,1,3.18,mist
457,Visby,SE,57.64,18.3,51.01,100,100,9.17,overcast clouds
458,Hamilton,US,39.18,-84.53,46.4,70,90,8.05,overcast clouds
459,Susaki,JP,33.37,133.28,68,49,20,6.93,few clouds
460,Yulara,AU,-25.24,130.99,78.8,18,0,8.05,clear sky
461,San-Pedro,CI,4.75,-6.64,75.51,91,100,4.29,light rain
462,Ginda,IN,30.69,78.49,72,22,0,6.76,clear sky
463,Khalilabad,IN,26.77,83.07,87.89,28,0,8.32,clear sky
464,Brae,GB,60.4,-1.35,48.2,76,0,10.29,clear sky
465,Chililabombwe,ZM,-12.36,27.82,80.04,29,94,7.49,overcast clouds
466,Nova Esperanca,BR,4.44,-61.12,70.11,87,87,3.74,overcast clouds
467,Noyabrsk,RU,63.2,75.45,21.74,94,100,15.77,overcast clouds
468,Ekhabi,RU,53.51,142.97,42.94,94,100,14,overcast clouds
469,Tete,MZ,-16.16,33.59,82.4,51,0,5.82,clear sky
470,Altamira,BR,-3.2,-52.21,74.93,82,94,3.27,overcast clouds
471,Taunggyi,MM,20.78,97.03,76.87,67,97,1.88,overcast clouds
472,Rocha,UY,-34.48,-54.33,63.52,96,100,6.76,overcast clouds
473,Hohhot,CN,40.81,111.65,62.6,29,0,6.71,clear sky
474,Pochutla,MX,15.74,-96.47,77,90,66,3.89,broken clouds
475,Terrace,CA,54.52,-128.6,28.4,54,20,17.22,few clouds
476,Gold Coast,AU,-28,153.43,71.01,77,100,18.34,light rain
477,Sembakung,ID,3.82,117.25,92.62,55,32,1.52,scattered clouds
478,Jacmel,HT,18.23,-72.53,82.4,74,65,18.34,broken clouds
479,Husavik,IS,66.04,-17.34,39.2,86,90,12.75,overcast clouds
480,Ashqelon,IL,31.67,34.57,79,65,40,11.41,scattered clouds
481,Gazli,UZ,40.13,63.45,62.6,30,0,9.46,clear sky
482,Ekibastuz,KZ,51.67,75.37,36.5,81,100,29.73,overcast clouds
483,Jumla,NP,29.27,82.18,67.8,22,0,6.44,clear sky
484,Oktyabrskoye,RU,43.06,44.74,51.8,66,94,2.24,overcast clouds
485,Tabou,CI,4.42,-7.35,76.84,88,100,3.8,light rain
486,Anuradhapura,LK,8.36,80.42,90.97,52,97,9.26,light rain
487,Half Moon Bay,US,37.46,-122.43,59,93,90,5.82,overcast clouds
488,Lynn Haven,US,30.25,-85.65,68,93,90,1.61,mist
489,Sydney,AU,-33.87,151.21,55.4,93,90,24.16,moderate rain
490,Kamenka,RU,51.32,42.77,53.01,92,75,1.01,broken clouds
491,Butterworth,MY,5.4,100.36,86,74,40,9.17,heavy intensity rain
492,Chama,CH,47.18,8.46,45,100,75,2.82,fog
493,Elizabeth City,US,36.29,-76.25,64.99,95,100,5.17,overcast clouds
494,Owensboro,US,37.77,-87.11,51.8,76,90,10.29,overcast clouds
495,Ejura,GH,7.39,-1.36,73.42,91,48,4.85,scattered clouds
496,Albanel,CA,48.88,-72.45,30.2,63,90,11.41,overcast clouds
497,Kimbe,PG,-5.55,150.14,82.92,79,100,2.46,light rain
498,Sisimiut,GL,66.94,-53.67,20.57,88,76,11.34,broken clouds
499,Jalu,LY,29.03,21.55,67.41,57,0,2.51,clear sky
500,Newtonmore,GB,57.07,-4.12,46.4,75,100,2.24,overcast clouds
501,Aykhal,RU,66,111.5,8.6,71,0,8.95,clear sky
502,San Andres,CO,12.58,-81.7,80.6,88,90,4.7,overcast clouds
503,Afua,BR,-0.16,-50.39,76.5,89,53,4.34,broken clouds
504,Abha,SA,18.22,42.51,69.8,17,0,3.24,clear sky
505,Maholi,IN,27.67,80.47,89.46,19,0,6.31,clear sky
506,Sorong,ID,-0.88,131.25,84.9,71,99,8.37,heavy intensity rain
507,Port Blair,IN,11.67,92.75,84.31,72,93,7.05,moderate rain
508,Coihaique,CL,-45.58,-72.07,38.77,85,100,6.6,overcast clouds
509,Brest,BY,52.1,23.7,42.8,100,0,4.47,fog
510,Homer,US,59.64,-151.55,48,93,1,7.07,clear sky
511,Chaozhou,CN,23.67,116.64,82.4,39,0,6.71,clear sky
512,Santiago,CL,-33.46,-70.65,55.99,87,100,6.93,light rain
513,Callaway,US,30.15,-85.57,68,94,1,3.36,mist
514,Tuatapere,NZ,-46.13,167.68,48,94,100,8.99,moderate rain
515,Banda Aceh,ID,5.56,95.32,81.9,71,100,10.87,moderate rain
516,Aksarka,RU,66.56,67.8,12.65,96,0,7.05,clear sky
517,Cristobal Obregon,MX,16.35,-93.53,69.15,88,99,2.84,overcast clouds
518,Kirakira,SB,-10.45,161.92,81.23,81,9,9.15,light rain
519,Trabzon,TR,40.92,39.83,69.8,49,0,4.7,clear sky
520,Sioux Lookout,CA,50.1,-91.92,23,79,90,2.24,overcast clouds
521,Kinshasa,CD,-4.32,15.32,75.2,88,75,3.36,broken clouds
522,Fukue,JP,32.69,128.84,66.2,59,75,12.75,broken clouds
523,Emerald,AU,-23.53,148.17,89.6,31,40,11.41,scattered clouds
524,Nome,US,64.5,-165.41,37.4,86,90,6.93,overcast clouds
525,Kalur Kot,PK,32.16,71.26,85.98,14,0,8.01,clear sky
526,Passo De Camaragibe,BR,-9.24,-35.49,71.6,94,20,2.24,few clouds
527,Marrakesh,MA,31.63,-8.01,55.4,82,0,2.24,clear sky
528,Alice Springs,AU,-23.7,133.88,77,23,0,11.41,clear sky
529,Itarema,BR,-2.92,-39.92,80.08,76,99,15.03,overcast clouds
530,Bereda,ES,43.27,-7.54,52,100,100,7,overcast clouds
531,Rio Grande City,US,26.38,-98.82,69.01,83,0,10.87,clear sky
532,Wellington,NZ,-41.29,174.78,62.6,82,83,26.4,broken clouds
533,Amahai,ID,-3.33,128.92,83.64,69,100,5.77,overcast clouds
534,Peleduy,RU,59.63,112.74,33.87,92,100,8.99,overcast clouds
535,Hillsborough,US,37.57,-122.38,59,82,75,6.93,broken clouds
536,Amberley,US,39.2,-84.43,46.4,70,90,8.05,overcast clouds
537,Kalga,RU,50.93,118.9,42.01,61,99,3.11,overcast clouds
538,Rawah,IQ,34.48,41.91,82.33,15,100,6.62,overcast clouds
539,Russellville,US,35.28,-93.13,50,87,90,3.4,overcast clouds
540,Boudry,CH,46.95,6.84,46.4,93,20,4.14,few clouds
541,Tallahassee,US,30.44,-84.28,68,100,90,4.7,fog
542,Taixing,CN,32.17,120.01,75,43,0,1.99,clear sky
543,Bathsheba,BB,13.22,-59.52,82.4,74,20,19.46,few clouds
544,Padang,ID,-0.95,100.35,85.87,58,44,6.26,scattered clouds
545,Beyneu,KZ,45.32,55.2,66.38,42,98,16.35,overcast clouds
546,Broome,US,42.25,-75.83,37,87,1,3.98,clear sky
547,Umba,RU,66.69,34.34,29.32,97,26,8.12,scattered clouds
548,Marsa Matruh,EG,31.35,27.25,75.2,69,40,8.05,scattered clouds
549,Makakilo City,US,21.35,-158.09,77,83,20,1.14,few clouds
550,Champerico,GT,14.3,-91.92,66,97,59,4.74,broken clouds
551,Agadir,MA,30.42,-9.6,51.8,87,0,1.99,clear sky
552,Lufilufi,WS,-13.87,-171.6,77,100,90,4.72,light intensity drizzle
553,Xuddur,SO,4.12,43.89,81.61,65,41,12.55,moderate rain
554,Skelleftea,SE,64.75,20.95,15.8,92,100,4.7,overcast clouds
555,Tyup,KG,42.73,78.36,47.34,47,100,4.34,overcast clouds
556,Kavaratti,IN,10.57,72.64,86,70,20,4.7,few clouds
557,Mairwa,IN,26.23,84.15,88.02,29,0,10.96,clear sky
558,Nouadhibou,MR,20.93,-17.03,73.4,56,100,17.22,overcast clouds
559,Bonavista,CA,48.65,-53.11,48,79,100,1.99,light rain
560,Lincoln,US,40.8,-96.67,34,69,90,11.41,overcast clouds
561,Mangai,CD,-4.05,19.53,77.56,81,100,3.06,overcast clouds
562,Sambava,MG,-14.27,50.17,80.26,60,6,11.05,clear sky
563,Erdenet,MN,49.03,104.08,41.07,61,100,13.24,overcast clouds
564,Lesosibirsk,RU,58.24,92.48,30.6,89,100,8.86,overcast clouds
565,Komsomolskiy,UZ,40.43,71.72,55.4,30,0,2.24,clear sky
566,Manado,ID,1.49,124.85,89.6,62,40,12.75,scattered clouds
567,Sfantu Gheorghe,RO,45.87,25.78,39.99,82,100,21,overcast clouds
568,Aswan,EG,24.09,32.91,80.22,27,0,17.83,clear sky
569,Rethimnon,GR,35.36,24.47,73,82,0,1.32,clear sky
570,Launceston,AU,-41.45,147.17,59,46,90,18.34,overcast clouds
571,Sao Filipe,CV,14.9,-24.5,80.74,72,100,14.56,overcast clouds
572,Tautira,PF,-17.73,-149.15,77,78,75,9.17,broken clouds
573,Alenquer,BR,-1.94,-54.74,75.2,94,20,2.24,few clouds
574,West Wendover,US,40.74,-114.07,42.8,56,1,4.7,clear sky
575,Bulgan,MN,48.81,103.53,42.49,55,97,16.42,overcast clouds
576,Kalmunai,LK,7.42,81.82,89.73,53,100,9.26,overcast clouds
577,Yeppoon,AU,-23.13,150.73,77,78,90,4.7,light rain
578,Novovasylivka,UA,46.83,35.75,62.85,60,100,6.96,overcast clouds
579,Shache,CN,38.42,77.24,63.1,24,100,9.51,overcast clouds
580,Lysyye Gory,RU,51.55,44.84,54.86,89,100,15.3,light rain
581,Buraydah,SA,26.33,43.98,68,30,0,2.24,clear sky
582,Kurilsk,RU,45.23,147.88,48.92,73,70,18.5,light rain
583,Bilibino,RU,68.05,166.44,17.85,88,0,1.36,clear sky
584,Kilindoni,TZ,-7.91,39.67,80.83,73,26,8.63,scattered clouds
585,Kaduqli,SD,11.02,29.72,84.61,29,0,8.97,clear sky
586,Nakhon Thai,TH,17.1,100.84,87.8,31,20,2.24,few clouds
587,Kyzyl-Mazhalyk,RU,51.13,90.6,30.74,70,0,3.13,clear sky
588,Bubaque,GW,11.28,-15.83,82.53,83,0,9.08,clear sky
589,Maceio,BR,-9.67,-35.74,71.6,94,20,2.24,few clouds
590,Castrillon,ES,43.4,-6.79,55.4,87,75,8.05,broken clouds
591,Fare,PF,-16.7,-151.02,80.01,73,14,5.06,light rain
592,Mirador,BR,-6.37,-44.36,71.56,92,100,2.24,moderate rain
593,Anchorage,US,61.22,-149.9,41,64,90,3.11,heavy intensity rain
594,Diego De Almagro,CL,-26.37,-70.05,49.17,66,82,0.49,broken clouds
595,Koshurnikovo,RU,54.17,93.3,28.09,82,99,7.16,overcast clouds
596,Kijini,TZ,-5.85,39.32,84.2,66,40,11.41,scattered clouds
597,Fez,MA,34.04,-5,48.2,93,0,10.29,clear sky
598,Lagdo,CM,9.05,13.73,81.63,48,100,4.23,overcast clouds
599,Clocolan,ZA,-28.91,27.57,73.4,43,0,5.48,clear sky
600,Mankono,CI,8.06,-6.19,70.99,89,6,2.75,clear sky
601,Zychlin,PL,52.24,19.63,46.99,100,90,2.24,fog
602,Makkaveyevo,RU,51.75,113.95,46.4,42,100,11.18,overcast clouds
603,Auki,SB,-8.77,160.7,81.18,80,91,2.68,moderate rain
604,Maningrida,AU,-12.07,134.27,85.84,60,0,10.76,light rain
605,Yengema,SL,8.72,-11.17,67.86,99,87,0.4,overcast clouds
606,Linxia,CN,35.6,103.21,57.06,38,99,2.89,overcast clouds
607,Rehoboth,NA,-23.32,17.08,78.64,18,97,4.36,overcast clouds
608,Stratford,US,41.18,-73.13,45,73,100,12.86,overcast clouds
609,Natal,BR,-5.79,-35.21,73.4,94,40,3.36,scattered clouds
610,Port Moresby,PG,-9.44,147.18,87.8,66,40,20.8,haze
611,Bosaso,SO,11.28,49.18,87.8,55,0,4.7,clear sky
612,Vestmannaeyjar,IS,63.44,-20.27,44.38,72,75,15.3,broken clouds
613,Xinqing,CN,48.23,129.5,43.75,62,0,7.4,clear sky
614,Gushikawa,JP,26.35,127.87,77,53,40,11.41,scattered clouds
615,Wanaka,NZ,-44.7,169.15,56.82,83,100,4.7,light rain
616,Douglas,US,41.3,-96.17,33.01,87,90,6.93,overcast clouds
617,Obo,CF,5.4,26.49,79.09,81,96,3.09,overcast clouds
618,Altay,CN,47.87,88.12,35.22,65,0,5.1,clear sky
619,Meulaboh,ID,4.14,96.13,84,66,94,2.26,overcast clouds
620,Lichinga,MZ,-13.31,35.24,77.02,46,47,8.16,scattered clouds
621,Kuliyapitiya,LK,7.47,80.04,86,74,40,8.05,scattered clouds
622,Shonguy,RU,68.75,33.15,28.4,92,0,4.16,clear sky
623,Rio Gallegos,AR,-51.62,-69.22,44.6,93,90,4.7,overcast clouds
624,Hereford,GB,52.06,-2.71,46,92,98,13.27,moderate rain
625,Chara,RU,56.91,118.26,31.91,92,100,0.47,overcast clouds
626,Benguela,AO,-12.58,13.41,77,83,75,4.7,broken clouds
627,Ketchikan,US,55.34,-131.65,41,59,1,2.91,clear sky
628,Malanje,AO,-9.54,16.34,75.06,75,79,1.86,broken clouds
629,Gemena,CD,3.25,19.77,74.66,92,100,2.44,overcast clouds
630,Veere,NL,51.55,3.67,53.6,87,100,18.34,overcast clouds
631,Crystal Beach,CA,42.87,-79.06,39.99,87,25,7.27,scattered clouds
632,Meadow Lake,US,34.8,-106.54,66.2,22,90,11.41,overcast clouds
633,Cap-Aux-Meules,CA,47.38,-61.86,43.97,78,100,26.22,overcast clouds
634,Shingu,JP,33.73,135.98,66.2,48,20,13.87,few clouds
635,Russell,US,32.35,-85.2,68,94,90,1.45,overcast clouds
636,Seymchan,RU,62.88,152.43,28.11,93,100,9.64,overcast clouds
637,Misratah,LY,32.38,15.09,72.86,71,8,8.28,clear sky
638,Jiaonan,CN,35.88,119.98,68,34,0,6.71,clear sky
639,Redmond,US,47.67,-122.12,39.99,90,8,3.4,clear sky
640,Singleton,AU,-32.57,151.18,59,86,100,4,light rain
641,Hami,CN,42.8,93.45,56.59,33,0,6.13,clear sky
642,Kindu,CD,-2.95,25.95,72.75,96,100,3.98,overcast clouds
643,Huilong,CN,31.81,121.66,73.99,60,0,4,clear sky
644,Gunjur,GM,13.2,-16.73,77,100,20,9.93,few clouds
645,Semnan,IR,35.57,53.4,65.7,28,0,4.63,clear sky
646,Porangatu,BR,-13.44,-49.15,69.78,96,100,2.62,overcast clouds
647,Kununurra,AU,-15.77,128.73,95,44,100,20.8,thunderstorm
648,Kendari,ID,-3.94,122.5,88.16,60,19,7.49,few clouds
649,Iowa City,US,41.66,-91.53,36,74,1,9.17,clear sky
650,Rochegda,RU,62.8,43.25,29.88,96,73,8.48,broken clouds
651,Izmit,TR,40.77,29.92,60.8,100,40,2.24,fog
652,Port Antonio,JM,18.18,-76.46,82.4,78,40,21.92,scattered clouds
653,Hofn,IS,64.25,-15.21,42.71,82,100,15.7,overcast clouds
654,Olafsvik,IS,64.89,-23.71,42.03,82,100,35.25,overcast clouds
655,Puerto Cabezas,NI,14.04,-83.39,77.25,89,100,3.11,overcast clouds
656,Cayenne,GF,4.93,-52.33,75.2,100,20,2.24,few clouds
657,Bam,IR,29.11,58.36,72.75,19,0,12.91,clear sky
658,Tucurui,BR,-3.77,-49.67,75.52,88,85,2.84,overcast clouds
659,Peace River,CA,56.25,-117.29,16,78,20,12.75,few clouds
660,Krasnyy Chikoy,RU,50.36,108.75,45.03,58,50,9.24,scattered clouds
661,Bridlington,GB,54.08,-0.19,46.4,81,0,12.75,clear sky
662,Frankfurt,DE,50.12,8.68,53.01,93,20,1.12,few clouds
663,Gevrai,IN,19.27,75.75,84.52,55,8,2.21,clear sky
664,Nagpur,IN,21.15,79.1,87.8,55,0,3.24,haze
665,Alyangula,AU,-13.85,136.42,93.2,38,97,5.82,overcast clouds
666,Xique-Xique,BR,-10.82,-42.73,77.18,67,93,14.07,overcast clouds
667,Pavino,RU,59.11,46.14,34.66,86,100,6.2,overcast clouds
668,Aksum,ET,14.12,38.72,73.29,22,62,8.75,broken clouds
669,Vranje,RS,42.55,21.9,48,94,100,3.38,moderate rain
670,Bandar-E Lengeh,IR,26.56,54.88,86,33,0,11.41,clear sky
671,Oksfjord,NO,70.24,22.35,35.6,93,96,2.24,light intensity drizzle
672,Aktash,RU,50.3,87.73,19.58,71,79,4.79,broken clouds
673,Muyezerskiy,RU,63.93,31.65,30.31,97,81,6.96,broken clouds
674,Jaisalmer,IN,26.91,70.92,90.25,16,0,2.35,clear sky
675,Octeville,FR,49.63,-1.64,50,93,0,13.87,clear sky
676,Kolda,SN,12.88,-14.95,77,100,0,0.65,clear sky
677,Tayoltita,MX,24.08,-105.93,68.34,67,11,4.25,few clouds
678,Khipro,PK,25.83,69.38,91.63,17,0,4.29,clear sky
679,Bagenalstown,IE,52.7,-6.96,44.01,81,0,3,clear sky
680,Mehamn,NO,71.04,27.85,37.26,79,86,11.9,overcast clouds
681,Nova Prata,BR,-28.78,-51.61,62.01,99,10,2.98,clear sky
682,Iranshahr,IR,27.2,60.68,78.8,15,0,2.46,clear sky
683,Wattegama,LK,6.8,81.48,93.2,56,20,8.05,few clouds
684,Morden,CA,49.19,-98.1,24.8,73,90,5.82,overcast clouds
685,Butembo,CD,0.15,29.28,66.34,90,100,1.92,light rain
686,Flinders,AU,-34.58,150.86,55.99,87,100,5.99,light rain
687,Rovinj,HR,45.08,13.64,55.4,93,20,4.7,few clouds
688,Manzhouli,CN,49.6,117.43,40.66,67,100,6.24,overcast clouds
689,Aloleng,PH,16.13,119.78,84.6,77,100,9.78,overcast clouds
690,Paita,PE,-5.09,-81.11,63.23,81,87,9.01,overcast clouds
691,Surgut,RU,61.25,73.42,23,100,90,13.42,light snow
692,Tuy Hoa,VN,13.08,109.3,82.58,78,35,8.68,light rain
693,Talcahuano,CL,-36.72,-73.12,48.2,93,0,6.93,clear sky
694,Tommot,RU,58.96,126.29,32.68,94,100,3.91,overcast clouds
695,Camana,PE,-16.62,-72.71,61.79,79,100,6.02,overcast clouds
696,Batemans Bay,AU,-35.72,150.18,57,94,100,4,overcast clouds
